cloudlet_id,length_mi,kategori,vm_id,waiting,exec,finish
0,49000,Small,12,0.0000,98.0000,98.1000
1,119000,Large,0,0.0000,119.0000,119.1000
2,123000,Large,6,0.0000,123.0000,123.1000
3,53000,Small,14,0.0000,106.0000,106.1000
4,81000,Medium,5,0.0000,81.0000,81.1000
5,81000,Medium,12,98.0000,162.0000,260.1000
6,63000,Medium,13,0.0000,126.0000,126.1000
7,107000,Large,5,81.0000,107.0000,188.1000
8,111000,Large,7,0.0000,111.0000,111.1000
9,73000,Medium,9,0.0000,146.0000,146.1000
10,51000,Small,10,0.0000,102.0000,102.1000
11,63000,Medium,12,260.0000,126.0000,386.1000
12,40000,Small,12,386.0000,80.0000,466.1000
13,73000,Medium,13,126.0000,146.0000,272.1000
14,73000,Medium,12,466.0000,146.0000,612.1000
15,115000,Large,8,0.0000,115.0000,115.1000
16,95000,Medium,4,0.0000,95.0000,95.1000
17,712500,Huge,12,612.0000,1425.0000,2037.1000
18,65000,Medium,1,0.0000,65.0000,65.1000
19,115000,Large,2,0.0000,115.0000,115.1000
20,40000,Small,14,106.0000,80.0000,186.1000
21,99000,Medium,7,111.0000,99.0000,210.1000
22,51000,Small,14,186.0000,102.0000,288.1000
23,77000,Medium,4,95.0000,77.0000,172.1000
24,135000,Large,7,210.0000,135.0000,345.1000
25,79000,Medium,11,0.0000,158.0000,158.1000
26,83000,Medium,7,345.0000,83.0000,428.1000
27,47000,Small,9,146.0000,94.0000,240.1000
28,81000,Medium,4,172.0000,81.0000,253.1000
29,712500,Huge,14,288.0000,1425.0000,1713.1000
30,107000,Large,6,123.0000,107.0000,230.1000
31,119000,Large,3,0.0000,119.0000,119.1000
32,135000,Large,4,253.0000,135.0000,388.1000
33,111000,Large,8,115.0000,111.0000,226.1000
34,71000,Medium,11,158.0000,142.0000,300.1000
35,117000,Large,0,119.0000,117.0000,236.1000
36,107000,Large,3,119.0000,107.0000,226.1000
37,81000,Medium,10,102.0000,162.0000,264.1000
38,67000,Medium,10,264.0000,134.0000,398.1000
39,59000,Medium,10,398.0000,118.0000,516.1000
40,93000,Medium,2,115.0000,93.0000,208.1000
41,113000,Large,5,188.0000,113.0000,301.1000
42,127000,Large,6,230.0000,127.0000,357.1000
43,150000,XLarge,13,272.0000,300.0000,572.1000
44,67000,Medium,14,1713.0000,134.0000,1847.1000
45,55000,Small,10,516.0000,110.0000,626.1000
46,15000,Small,0,236.0000,15.0000,251.1000
47,115000,Large,7,428.0000,115.0000,543.1000
48,109000,Large,8,226.0000,109.0000,335.1000
49,712500,Huge,10,626.0000,1425.0000,2051.1000
50,900000,Huge,1,65.0000,900.0000,965.1000
51,105000,Large,8,335.0000,105.0000,440.1000
52,99000,Medium,12,2037.0000,198.0000,2235.1000
53,119000,Large,5,301.0000,119.0000,420.1000
54,91000,Medium,6,357.0000,91.0000,448.1000
55,59000,Medium,14,1847.0000,118.0000,1965.1000
56,93000,Medium,5,420.0000,93.0000,513.1000
57,67000,Medium,7,543.0000,67.0000,610.1000
58,55000,Small,8,440.0000,55.0000,495.1000
59,51000,Small,11,300.0000,102.0000,402.1000
60,55000,Small,14,1965.0000,110.0000,2075.1000
61,61000,Medium,9,240.0000,122.0000,362.1000
62,109000,Large,2,208.0000,109.0000,317.1000
63,101000,Large,5,513.0000,101.0000,614.1000
64,67000,Medium,11,402.0000,134.0000,536.1000
65,49000,Small,11,536.0000,98.0000,634.1000
66,93000,Medium,8,495.0000,93.0000,588.1000
67,93000,Medium,10,2051.0000,186.0000,2237.1000
68,103000,Large,8,588.0000,103.0000,691.1000
69,87000,Medium,10,2237.0000,174.0000,2411.1000
70,27500,Small,11,634.0000,55.0000,689.1000
71,125000,Large,2,317.0000,125.0000,442.1000
72,45000,Small,10,2411.0000,90.0000,2501.1000
73,75000,Medium,12,2235.0000,150.0000,2385.1000
74,99000,Medium,2,442.0000,99.0000,541.1000
75,121000,Large,8,691.0000,121.0000,812.1000
76,71000,Medium,9,362.0000,142.0000,504.1000
77,111000,Large,1,965.0000,111.0000,1076.1000
78,119000,Large,4,388.0000,119.0000,507.1000
79,103000,Large,1,1076.0000,103.0000,1179.1000
80,121000,Large,6,448.0000,121.0000,569.1000
81,91000,Medium,9,504.0000,182.0000,686.1000
82,81000,Medium,14,2075.0000,162.0000,2237.1000
83,87000,Medium,0,251.0000,87.0000,338.1000
84,109000,Large,4,507.0000,109.0000,616.1000
85,77000,Medium,14,2237.0000,154.0000,2391.1000
86,95000,Medium,5,614.0000,95.0000,709.1000
87,129000,Large,2,541.0000,129.0000,670.1000
88,71000,Medium,13,572.0000,142.0000,714.1000
89,123000,Large,2,670.0000,123.0000,793.1000
90,27500,Small,12,2385.0000,55.0000,2440.1000
91,123000,Large,3,226.0000,123.0000,349.1000
92,103000,Large,0,338.0000,103.0000,441.1000
93,15000,Small,2,793.0000,15.0000,808.1000
94,107000,Large,8,812.0000,107.0000,919.1000
95,125000,Large,7,610.0000,125.0000,735.1000
96,119000,Large,7,735.0000,119.0000,854.1000
97,119000,Large,8,919.0000,119.0000,1038.1000
98,85000,Medium,6,569.0000,85.0000,654.1000
99,97000,Medium,7,854.0000,97.0000,951.1000
100,27500,Small,13,714.0000,55.0000,769.1000
101,40000,Small,10,2501.0000,80.0000,2581.1000
102,77000,Medium,0,441.0000,77.0000,518.1000
103,83000,Medium,6,654.0000,83.0000,737.1000
104,93000,Medium,3,349.0000,93.0000,442.1000
105,79000,Medium,6,737.0000,79.0000,816.1000
106,109000,Large,6,816.0000,109.0000,925.1000
107,121000,Large,4,616.0000,121.0000,737.1000
108,77000,Medium,11,689.0000,154.0000,843.1000
109,123000,Large,5,709.0000,123.0000,832.1000
110,103000,Large,2,808.0000,103.0000,911.1000
111,129000,Large,6,925.0000,129.0000,1054.1000
112,113000,Large,2,911.0000,113.0000,1024.1000
113,101000,Large,8,1038.0000,101.0000,1139.1000
114,337500,XLarge,10,2581.0000,675.0000,3256.1000
115,127000,Large,1,1179.0000,127.0000,1306.1000
116,900000,Huge,3,442.0000,900.0000,1342.1000
117,107000,Large,1,1306.0000,107.0000,1413.1000
118,712500,Huge,13,769.0000,1425.0000,2194.1000
119,81000,Medium,7,951.0000,81.0000,1032.1000
120,119000,Large,6,1054.0000,119.0000,1173.1000
121,51000,Small,9,686.0000,102.0000,788.1000
122,900000,Huge,5,832.0000,900.0000,1732.1000
123,113000,Large,0,518.0000,113.0000,631.1000
124,712500,Huge,11,843.0000,1425.0000,2268.1000
125,55000,Small,11,2268.0000,110.0000,2378.1000
126,87000,Medium,14,2391.0000,174.0000,2565.1000
127,55000,Small,9,788.0000,110.0000,898.1000
128,40000,Small,13,2194.0000,80.0000,2274.1000
129,83000,Medium,12,2440.0000,166.0000,2606.1000
130,63000,Medium,4,737.0000,63.0000,800.1000
131,83000,Medium,10,3256.0000,166.0000,3422.1000
132,67000,Medium,6,1173.0000,67.0000,1240.1000
133,127000,Large,4,800.0000,127.0000,927.1000
134,15000,Small,4,927.0000,15.0000,942.1000
135,79000,Medium,9,898.0000,158.0000,1056.1000
136,119000,Large,0,631.0000,119.0000,750.1000
137,83000,Medium,4,942.0000,83.0000,1025.1000
138,67000,Medium,9,1056.0000,134.0000,1190.1000
139,87000,Medium,5,1732.0000,87.0000,1819.1000
140,97000,Medium,12,2606.0000,194.0000,2800.1000
141,85000,Medium,10,3422.0000,170.0000,3592.1000
142,85000,Medium,4,1025.0000,85.0000,1110.1000
143,135000,Large,3,1342.0000,135.0000,1477.1000
144,93000,Medium,0,750.0000,93.0000,843.1000
145,47000,Small,14,2565.0000,94.0000,2659.1000
146,105000,Large,3,1477.0000,105.0000,1582.1000
147,127000,Large,3,1582.0000,127.0000,1709.1000
148,107000,Large,7,1032.0000,107.0000,1139.1000
149,77000,Medium,9,1190.0000,154.0000,1344.1000
150,127000,Large,5,1819.0000,127.0000,1946.1000
151,525000,Huge,4,1110.0000,525.0000,1635.1000
152,107000,Large,2,1024.0000,107.0000,1131.1000
153,55000,Small,13,2274.0000,110.0000,2384.1000
154,99000,Medium,0,843.0000,99.0000,942.1000
155,93000,Medium,12,2800.0000,186.0000,2986.1000
156,73000,Medium,7,1139.0000,73.0000,1212.1000
157,121000,Large,3,1709.0000,121.0000,1830.1000
158,95000,Medium,1,1413.0000,95.0000,1508.1000
159,117000,Large,7,1212.0000,117.0000,1329.1000
160,123000,Large,1,1508.0000,123.0000,1631.1000
161,111000,Large,4,1635.0000,111.0000,1746.1000
162,103000,Large,5,1946.0000,103.0000,2049.1000
163,51000,Small,13,2384.0000,102.0000,2486.1000
164,85000,Medium,14,2659.0000,170.0000,2829.1000
165,107000,Large,5,2049.0000,107.0000,2156.1000
166,55000,Small,4,1746.0000,55.0000,1801.1000
167,712500,Huge,8,1139.0000,712.5000,1851.6000
168,49000,Small,12,2986.0000,98.0000,3084.1000
169,87000,Medium,8,1851.5000,87.0000,1938.6000
170,89000,Medium,8,1938.5000,89.0000,2027.6000
171,127000,Large,0,942.0000,127.0000,1069.1000
172,121000,Large,5,2156.0000,121.0000,2277.1000
173,712500,Huge,2,1131.0000,712.5000,1843.6000
174,150000,XLarge,10,3592.0000,300.0000,3892.1000
175,63000,Medium,10,3892.0000,126.0000,4018.1000
176,117000,Large,8,2027.5000,117.0000,2144.6000
177,123000,Large,0,1069.0000,123.0000,1192.1000
178,53000,Small,11,2378.0000,106.0000,2484.1000
179,97000,Medium,4,1801.0000,97.0000,1898.1000
180,135000,Large,5,2277.0000,135.0000,2412.1000
181,75000,Medium,6,1240.0000,75.0000,1315.1000
182,67000,Medium,13,2486.0000,134.0000,2620.1000
183,75000,Medium,10,4018.0000,150.0000,4168.1000
184,125000,Large,8,2144.5000,125.0000,2269.6000
185,123000,Large,7,1329.0000,123.0000,1452.1000
186,101000,Large,3,1830.0000,101.0000,1931.1000
187,115000,Large,3,1931.0000,115.0000,2046.1000
188,113000,Large,3,2046.0000,113.0000,2159.1000
189,123000,Large,8,2269.5000,123.0000,2392.6000
190,105000,Large,4,1898.0000,105.0000,2003.1000
191,83000,Medium,14,2829.0000,166.0000,2995.1000
192,85000,Medium,1,1631.0000,85.0000,1716.1000
193,99000,Medium,5,2412.0000,99.0000,2511.1000
194,712500,Huge,6,1315.0000,712.5000,2027.6000
195,337500,XLarge,3,2159.0000,337.5000,2496.6000
196,105000,Large,0,1192.0000,105.0000,1297.1000
197,99000,Medium,8,2392.5000,99.0000,2491.6000
198,40000,Small,12,3084.0000,80.0000,3164.1000
199,27500,Small,14,2995.0000,55.0000,3050.1000
200,900000,Huge,7,1452.0000,900.0000,2352.1000
201,73000,Medium,10,4168.0000,146.0000,4314.1000
202,49000,Small,12,3164.0000,98.0000,3262.1000
203,85000,Medium,11,2484.0000,170.0000,2654.1000
204,71000,Medium,5,2511.0000,71.0000,2582.1000
205,123000,Large,6,2027.5000,123.0000,2150.6000
206,53000,Small,9,1344.0000,106.0000,1450.1000
207,337500,XLarge,5,2582.0000,337.5000,2919.6000
208,91000,Medium,7,2352.0000,91.0000,2443.1000
209,63000,Medium,14,3050.0000,126.0000,3176.1000
210,95000,Medium,6,2150.5000,95.0000,2245.6000
211,45000,Small,9,1450.0000,90.0000,1540.1000
212,93000,Medium,7,2443.0000,93.0000,2536.1000
213,87000,Medium,11,2654.0000,174.0000,2828.1000
214,129000,Large,7,2536.0000,129.0000,2665.1000
215,337500,XLarge,7,2665.0000,337.5000,3002.6000
216,61000,Medium,13,2620.0000,122.0000,2742.1000
217,53000,Small,13,2742.0000,106.0000,2848.1000
218,105000,Large,7,3002.5000,105.0000,3107.6000
219,119000,Large,2,1843.5000,119.0000,1962.6000
220,40000,Small,14,3176.0000,80.0000,3256.1000
221,119000,Large,3,2496.5000,119.0000,2615.6000
222,103000,Large,4,2003.0000,103.0000,2106.1000
223,337500,XLarge,0,1297.0000,337.5000,1634.6000
224,27500,Small,9,1540.0000,55.0000,1595.1000
225,103000,Large,3,2615.5000,103.0000,2718.6000
226,49000,Small,13,2848.0000,98.0000,2946.1000
227,712500,Huge,9,1595.0000,1425.0000,3020.1000
228,900000,Huge,0,1634.5000,900.0000,2534.6000
229,109000,Large,3,2718.5000,109.0000,2827.6000
230,525000,Huge,14,3256.0000,1050.0000,4306.1000
231,117000,Large,6,2245.5000,117.0000,2362.6000
232,51000,Small,12,3262.0000,102.0000,3364.1000
233,121000,Large,2,1962.5000,121.0000,2083.6000
234,123000,Large,2,2083.5000,123.0000,2206.6000
235,135000,Large,0,2534.5000,135.0000,2669.6000
236,53000,Small,12,3364.0000,106.0000,3470.1000
237,97000,Medium,2,2206.5000,97.0000,2303.6000
238,59000,Medium,4,2106.0000,59.0000,2165.1000
239,27500,Small,10,4314.0000,55.0000,4369.1000
240,121000,Large,7,3107.5000,121.0000,3228.6000
241,47000,Small,11,2828.0000,94.0000,2922.1000
242,55000,Small,12,3470.0000,110.0000,3580.1000
243,59000,Medium,11,2922.0000,118.0000,3040.1000
244,113000,Large,8,2491.5000,113.0000,2604.6000
245,125000,Large,6,2362.5000,125.0000,2487.6000
246,49000,Small,7,3228.5000,49.0000,3277.6000
247,85000,Medium,6,2487.5000,85.0000,2572.6000
248,63000,Medium,2,2303.5000,63.0000,2366.6000
249,129000,Large,1,1716.0000,129.0000,1845.1000
250,150000,XLarge,14,4306.0000,300.0000,4606.1000
251,107000,Large,6,2572.5000,107.0000,2679.6000
252,77000,Medium,4,2165.0000,77.0000,2242.1000
253,75000,Medium,14,4606.0000,150.0000,4756.1000
254,99000,Medium,3,2827.5000,99.0000,2926.6000
255,127000,Large,8,2604.5000,127.0000,2731.6000
256,123000,Large,4,2242.0000,123.0000,2365.1000
257,79000,Medium,13,2946.0000,158.0000,3104.1000
258,712500,Huge,8,2731.5000,712.5000,3444.1000
259,75000,Medium,1,1845.0000,75.0000,1920.1000
260,107000,Large,3,2926.5000,107.0000,3033.6000
261,525000,Huge,11,3040.0000,1050.0000,4090.1000
262,49000,Small,4,2365.0000,49.0000,2414.1000
263,77000,Medium,13,3104.0000,154.0000,3258.1000
264,40000,Small,10,4369.0000,80.0000,4449.1000
265,45000,Small,10,4449.0000,90.0000,4539.1000
266,121000,Large,8,3444.0000,121.0000,3565.1000
267,93000,Medium,2,2366.5000,93.0000,2459.6000
268,123000,Large,3,3033.5000,123.0000,3156.6000
269,127000,Large,2,2459.5000,127.0000,2586.6000
270,95000,Medium,3,3156.5000,95.0000,3251.6000
271,79000,Medium,12,3580.0000,158.0000,3738.1000
272,101000,Large,7,3277.5000,101.0000,3378.6000
273,115000,Large,5,2919.5000,115.0000,3034.6000
274,93000,Medium,14,4756.0000,186.0000,4942.1000
275,115000,Large,6,2679.5000,115.0000,2794.6000
276,45000,Small,9,3020.0000,90.0000,3110.1000
277,45000,Small,9,3110.0000,90.0000,3200.1000
278,51000,Small,10,4539.0000,102.0000,4641.1000
279,51000,Small,14,4942.0000,102.0000,5044.1000
280,47000,Small,9,3200.0000,94.0000,3294.1000
281,115000,Large,0,2669.5000,115.0000,2784.6000
282,55000,Small,10,4641.0000,110.0000,4751.1000
283,79000,Medium,1,1920.0000,79.0000,1999.1000
284,97000,Medium,1,1999.0000,97.0000,2096.1000
285,55000,Small,14,5044.0000,110.0000,5154.1000
286,63000,Medium,11,4090.0000,126.0000,4216.1000
287,150000,XLarge,9,3294.0000,300.0000,3594.1000
288,109000,Large,0,2784.5000,109.0000,2893.6000
289,27500,Small,11,4216.0000,55.0000,4271.1000
290,121000,Large,6,2794.5000,121.0000,2915.6000
291,47000,Small,10,4751.0000,94.0000,4845.1000
292,75000,Medium,11,4271.0000,150.0000,4421.1000
293,45000,Small,9,3594.0000,90.0000,3684.1000
294,40000,Small,11,4421.0000,80.0000,4501.1000
295,65000,Medium,11,4501.0000,130.0000,4631.1000
296,103000,Large,1,2096.0000,103.0000,2199.1000
297,47000,Small,12,3738.0000,94.0000,3832.1000
298,59000,Medium,9,3684.0000,118.0000,3802.1000
299,81000,Medium,6,2915.5000,81.0000,2996.6000
300,47000,Small,14,5154.0000,94.0000,5248.1000
301,107000,Large,4,2414.0000,107.0000,2521.1000
302,900000,Huge,4,2521.0000,900.0000,3421.1000
303,123000,Large,5,3034.5000,123.0000,3157.6000
304,127000,Large,7,3378.5000,127.0000,3505.6000
305,99000,Medium,7,3505.5000,99.0000,3604.6000
306,85000,Medium,9,3802.0000,170.0000,3972.1000
307,59000,Medium,13,3258.0000,118.0000,3376.1000
308,61000,Medium,12,3832.0000,122.0000,3954.1000
309,337500,XLarge,3,3251.5000,337.5000,3589.1000
310,61000,Medium,2,2586.5000,61.0000,2647.6000
311,115000,Large,1,2199.0000,115.0000,2314.1000
312,525000,Huge,12,3954.0000,1050.0000,5004.1000
313,113000,Large,6,2996.5000,113.0000,3109.6000
314,101000,Large,6,3109.5000,101.0000,3210.6000
315,99000,Medium,4,3421.0000,99.0000,3520.1000
316,65000,Medium,9,3972.0000,130.0000,4102.1000
317,40000,Small,13,3376.0000,80.0000,3456.1000
318,121000,Large,1,2314.0000,121.0000,2435.1000
319,93000,Medium,4,3520.0000,93.0000,3613.1000
320,115000,Large,2,2647.5000,115.0000,2762.6000
321,125000,Large,1,2435.0000,125.0000,2560.1000
322,27500,Small,13,3456.0000,55.0000,3511.1000
323,123000,Large,0,2893.5000,123.0000,3016.6000
324,109000,Large,1,2560.0000,109.0000,2669.1000
325,15000,Small,6,3210.5000,15.0000,3225.6000
326,71000,Medium,12,5004.0000,142.0000,5146.1000
327,105000,Large,6,3225.5000,105.0000,3330.6000
328,27500,Small,9,4102.0000,55.0000,4157.1000
329,95000,Medium,7,3604.5000,95.0000,3699.6000
330,119000,Large,5,3157.5000,119.0000,3276.6000
331,900000,Huge,8,3565.0000,900.0000,4465.1000
332,127000,Large,6,3330.5000,127.0000,3457.6000
333,105000,Large,5,3276.5000,105.0000,3381.6000
334,119000,Large,4,3613.0000,119.0000,3732.1000
335,75000,Medium,5,3381.5000,75.0000,3456.6000
336,83000,Medium,1,2669.0000,83.0000,2752.1000
337,712500,Huge,2,2762.5000,712.5000,3475.1000
338,83000,Medium,11,4631.0000,166.0000,4797.1000
339,113000,Large,1,2752.0000,113.0000,2865.1000
340,27500,Small,11,4797.0000,55.0000,4852.1000
341,111000,Large,5,3456.5000,111.0000,3567.6000
342,73000,Medium,14,5248.0000,146.0000,5394.1000
343,525000,Huge,13,3511.0000,1050.0000,4561.1000
344,79000,Medium,10,4845.0000,158.0000,5003.1000
345,119000,Large,7,3699.5000,119.0000,3818.6000
346,150000,XLarge,11,4852.0000,300.0000,5152.1000
347,93000,Medium,5,3567.5000,93.0000,3660.6000
348,79000,Medium,2,3475.0000,79.0000,3554.1000
349,83000,Medium,2,3554.0000,83.0000,3637.1000
350,53000,Small,10,5003.0000,106.0000,5109.1000
351,712500,Huge,6,3457.5000,712.5000,4170.1000
352,93000,Medium,8,4465.0000,93.0000,4558.1000
353,63000,Medium,9,4157.0000,126.0000,4283.1000
354,87000,Medium,9,4283.0000,174.0000,4457.1000
355,40000,Small,12,5146.0000,80.0000,5226.1000
356,105000,Large,8,4558.0000,105.0000,4663.1000
357,111000,Large,3,3589.0000,111.0000,3700.1000
358,65000,Medium,13,4561.0000,130.0000,4691.1000
359,97000,Medium,6,4170.0000,97.0000,4267.1000
360,67000,Medium,12,5226.0000,134.0000,5360.1000
361,55000,Small,2,3637.0000,55.0000,3692.1000
362,125000,Large,3,3700.0000,125.0000,3825.1000
363,61000,Medium,10,5109.0000,122.0000,5231.1000
364,129000,Large,4,3732.0000,129.0000,3861.1000
365,45000,Small,9,4457.0000,90.0000,4547.1000
366,113000,Large,4,3861.0000,113.0000,3974.1000
367,49000,Small,12,5360.0000,98.0000,5458.1000
368,85000,Medium,0,3016.5000,85.0000,3101.6000
369,525000,Huge,4,3974.0000,525.0000,4499.1000
370,337500,XLarge,5,3660.5000,337.5000,3998.1000
371,49000,Small,10,5231.0000,98.0000,5329.1000
372,900000,Huge,2,3692.0000,900.0000,4592.1000
373,95000,Medium,14,5394.0000,190.0000,5584.1000
374,77000,Medium,12,5458.0000,154.0000,5612.1000
375,73000,Medium,3,3825.0000,73.0000,3898.1000
376,95000,Medium,4,4499.0000,95.0000,4594.1000
377,150000,XLarge,3,3898.0000,150.0000,4048.1000
378,63000,Medium,13,4691.0000,126.0000,4817.1000
379,59000,Medium,12,5612.0000,118.0000,5730.1000
380,119000,Large,8,4663.0000,119.0000,4782.1000
381,107000,Large,1,2865.0000,107.0000,2972.1000
382,77000,Medium,0,3101.5000,77.0000,3178.6000
383,79000,Medium,14,5584.0000,158.0000,5742.1000
384,525000,Huge,8,4782.0000,525.0000,5307.1000
385,135000,Large,8,5307.0000,135.0000,5442.1000
386,150000,XLarge,5,3998.0000,150.0000,4148.1000
387,45000,Small,9,4547.0000,90.0000,4637.1000
388,337500,XLarge,7,3818.5000,337.5000,4156.1000
389,712500,Huge,1,2972.0000,712.5000,3684.6000
390,111000,Large,0,3178.5000,111.0000,3289.6000
391,99000,Medium,2,4592.0000,99.0000,4691.1000
392,49000,Small,14,5742.0000,98.0000,5840.1000
393,129000,Large,3,4048.0000,129.0000,4177.1000
394,45000,Small,9,4637.0000,90.0000,4727.1000
395,103000,Large,13,4817.0000,206.0000,5023.1000
396,79000,Medium,3,4177.0000,79.0000,4256.1000
397,115000,Large,4,4594.0000,115.0000,4709.1000
398,73000,Medium,11,5152.0000,146.0000,5298.1000
399,91000,Medium,4,4709.0000,91.0000,4800.1000
400,75000,Medium,9,4727.0000,150.0000,4877.1000
401,59000,Medium,10,5329.0000,118.0000,5447.1000
402,73000,Medium,6,4267.0000,73.0000,4340.1000
403,125000,Large,5,4148.0000,125.0000,4273.1000
404,99000,Medium,5,4273.0000,99.0000,4372.1000
405,105000,Large,1,3684.5000,105.0000,3789.6000
406,53000,Small,14,5840.0000,106.0000,5946.1000
407,119000,Large,6,4340.0000,119.0000,4459.1000
408,15000,Small,8,5442.0000,15.0000,5457.1000
409,103000,Large,0,3289.5000,103.0000,3392.6000
410,53000,Small,11,5298.0000,106.0000,5404.1000
411,71000,Medium,0,3392.5000,71.0000,3463.6000
412,49000,Small,4,4800.0000,49.0000,4849.1000
413,71000,Medium,10,5447.0000,142.0000,5589.1000
414,47000,Small,11,5404.0000,94.0000,5498.1000
415,55000,Small,11,5498.0000,110.0000,5608.1000
416,101000,Large,0,3463.5000,101.0000,3564.6000
417,49000,Small,9,4877.0000,98.0000,4975.1000
418,125000,Large,0,3564.5000,125.0000,3689.6000
419,53000,Small,9,4975.0000,106.0000,5081.1000
420,95000,Medium,1,3789.5000,95.0000,3884.6000
421,900000,Huge,6,4459.0000,900.0000,5359.1000
422,49000,Small,13,5023.0000,98.0000,5121.1000
423,113000,Large,5,4372.0000,113.0000,4485.1000
424,73000,Medium,9,5081.0000,146.0000,5227.1000
425,63000,Medium,1,3884.5000,63.0000,3947.6000
426,91000,Medium,13,5121.0000,182.0000,5303.1000
427,81000,Medium,11,5608.0000,162.0000,5770.1000
428,27500,Small,9,5227.0000,55.0000,5282.1000
429,85000,Medium,1,3947.5000,85.0000,4032.6000
430,119000,Large,2,4691.0000,119.0000,4810.1000
431,129000,Large,5,4485.0000,129.0000,4614.1000
432,75000,Medium,13,5303.0000,150.0000,5453.1000
433,107000,Large,7,4156.0000,107.0000,4263.1000
434,107000,Large,2,4810.0000,107.0000,4917.1000
435,67000,Medium,10,5589.0000,134.0000,5723.1000
436,85000,Medium,13,5453.0000,170.0000,5623.1000
437,77000,Medium,10,5723.0000,154.0000,5877.1000
438,117000,Large,2,4917.0000,117.0000,5034.1000
439,117000,Large,3,4256.0000,117.0000,4373.1000
440,101000,Large,5,4614.0000,101.0000,4715.1000
441,79000,Medium,4,4849.0000,79.0000,4928.1000
442,75000,Medium,12,5730.0000,150.0000,5880.1000
443,63000,Medium,12,5880.0000,126.0000,6006.1000
444,79000,Medium,11,5770.0000,158.0000,5928.1000
445,71000,Medium,14,5946.0000,142.0000,6088.1000
446,55000,Small,9,5282.0000,110.0000,5392.1000
447,525000,Huge,2,5034.0000,525.0000,5559.1000
448,63000,Medium,10,5877.0000,126.0000,6003.1000
449,51000,Small,11,5928.0000,102.0000,6030.1000
450,105000,Large,0,3689.5000,105.0000,3794.6000
451,127000,Large,1,4032.5000,127.0000,4159.6000
452,27500,Small,9,5392.0000,55.0000,5447.1000
453,53000,Small,13,5623.0000,106.0000,5729.1000
454,712500,Huge,3,4373.0000,712.5000,5085.6000
455,89000,Medium,10,6003.0000,178.0000,6181.1000
456,65000,Medium,0,3794.5000,65.0000,3859.6000
457,117000,Large,5,4715.0000,117.0000,4832.1000
458,712500,Huge,5,4832.0000,712.5000,5544.6000
459,73000,Medium,13,5729.0000,146.0000,5875.1000
460,55000,Small,13,5875.0000,110.0000,5985.1000
461,127000,Large,4,4928.0000,127.0000,5055.1000
462,119000,Large,3,5085.5000,119.0000,5204.6000
463,93000,Medium,1,4159.5000,93.0000,4252.6000
464,45000,Small,9,5447.0000,90.0000,5537.1000
465,129000,Large,0,3859.5000,129.0000,3988.6000
466,40000,Small,10,6181.0000,80.0000,6261.1000
467,900000,Huge,1,4252.5000,900.0000,5152.6000
468,67000,Medium,4,5055.0000,67.0000,5122.1000
469,101000,Large,8,5457.0000,101.0000,5558.1000
470,109000,Large,7,4263.0000,109.0000,4372.1000
471,125000,Large,4,5122.0000,125.0000,5247.1000
472,900000,Huge,3,5204.5000,900.0000,6104.6000
473,127000,Large,3,6104.5000,127.0000,6231.6000
474,85000,Medium,6,5359.0000,85.0000,5444.1000
475,91000,Medium,1,5152.5000,91.0000,5243.6000
476,93000,Medium,11,6030.0000,186.0000,6216.1000
477,65000,Medium,1,5243.5000,65.0000,5308.6000
478,117000,Large,4,5247.0000,117.0000,5364.1000
479,150000,XLarge,0,3988.5000,150.0000,4138.6000
480,89000,Medium,0,4138.5000,89.0000,4227.6000
481,59000,Medium,14,6088.0000,118.0000,6206.1000
482,129000,Large,8,5558.0000,129.0000,5687.1000
483,111000,Large,7,4372.0000,111.0000,4483.1000
484,97000,Medium,3,6231.5000,97.0000,6328.6000
485,71000,Medium,4,5364.0000,71.0000,5435.1000
486,117000,Large,0,4227.5000,117.0000,4344.6000
487,87000,Medium,0,4344.5000,87.0000,4431.6000
488,83000,Medium,4,5435.0000,83.0000,5518.1000
489,65000,Medium,12,6006.0000,130.0000,6136.1000
490,61000,Medium,14,6206.0000,122.0000,6328.1000
491,15000,Small,2,5559.0000,15.0000,5574.1000
492,77000,Medium,8,5687.0000,77.0000,5764.1000
493,27500,Small,9,5537.0000,55.0000,5592.1000
494,900000,Huge,5,5544.5000,900.0000,6444.6000
495,99000,Medium,8,5764.0000,99.0000,5863.1000
496,123000,Large,7,4483.0000,123.0000,4606.1000
497,51000,Small,9,5592.0000,102.0000,5694.1000
498,117000,Large,1,5308.5000,117.0000,5425.6000
499,99000,Medium,3,6328.5000,99.0000,6427.6000
500,95000,Medium,11,6216.0000,190.0000,6406.1000
501,75000,Medium,8,5863.0000,75.0000,5938.1000
502,61000,Medium,11,6406.0000,122.0000,6528.1000
503,115000,Large,7,4606.0000,115.0000,4721.1000
504,40000,Small,13,5985.0000,80.0000,6065.1000
505,119000,Large,5,6444.5000,119.0000,6563.6000
506,127000,Large,5,6563.5000,127.0000,6690.6000
507,115000,Large,3,6427.5000,115.0000,6542.6000
508,55000,Small,1,5425.5000,55.0000,5480.6000
509,113000,Large,2,5574.0000,113.0000,5687.1000
510,900000,Huge,7,4721.0000,900.0000,5621.1000
511,65000,Medium,10,6261.0000,130.0000,6391.1000
512,337500,XLarge,0,4431.5000,337.5000,4769.1000
513,150000,XLarge,8,5938.0000,150.0000,6088.1000
514,105000,Large,2,5687.0000,105.0000,5792.1000
515,79000,Medium,9,5694.0000,158.0000,5852.1000
516,125000,Large,7,5621.0000,125.0000,5746.1000
517,712500,Huge,7,5746.0000,712.5000,6458.6000
518,525000,Huge,6,5444.0000,525.0000,5969.1000
519,83000,Medium,9,5852.0000,166.0000,6018.1000
520,105000,Large,7,6458.5000,105.0000,6563.6000
521,51000,Small,13,6065.0000,102.0000,6167.1000
522,123000,Large,1,5480.5000,123.0000,5603.6000
523,109000,Large,2,5792.0000,109.0000,5901.1000
524,87000,Medium,2,5901.0000,87.0000,5988.1000
525,51000,Small,6,5969.0000,51.0000,6020.1000
526,51000,Small,1,5603.5000,51.0000,5654.6000
527,15000,Small,6,6020.0000,15.0000,6035.1000
528,73000,Medium,2,5988.0000,73.0000,6061.1000
529,89000,Medium,12,6136.0000,178.0000,6314.1000
530,27500,Small,9,6018.0000,55.0000,6073.1000
531,61000,Medium,0,4769.0000,61.0000,4830.1000
532,77000,Medium,14,6328.0000,154.0000,6482.1000
533,107000,Large,5,6690.5000,107.0000,6797.6000
534,27500,Small,9,6073.0000,55.0000,6128.1000
535,40000,Small,10,6391.0000,80.0000,6471.1000
536,65000,Medium,14,6482.0000,130.0000,6612.1000
537,40000,Small,10,6471.0000,80.0000,6551.1000
538,150000,XLarge,2,6061.0000,150.0000,6211.1000
539,83000,Medium,1,5654.5000,83.0000,5737.6000
540,113000,Large,0,4830.0000,113.0000,4943.1000
541,47000,Small,9,6128.0000,94.0000,6222.1000
542,900000,Huge,0,4943.0000,900.0000,5843.1000
543,119000,Large,4,5518.0000,119.0000,5637.1000
544,89000,Medium,2,6211.0000,89.0000,6300.1000
545,59000,Medium,1,5737.5000,59.0000,5796.6000
546,65000,Medium,1,5796.5000,65.0000,5861.6000
547,115000,Large,8,6088.0000,115.0000,6203.1000
548,712500,Huge,0,5843.0000,712.5000,6555.6000
549,65000,Medium,11,6528.0000,130.0000,6658.1000
550,40000,Small,9,6222.0000,80.0000,6302.1000
551,65000,Medium,9,6302.0000,130.0000,6432.1000
552,65000,Medium,13,6167.0000,130.0000,6297.1000
553,49000,Small,12,6314.0000,98.0000,6412.1000
554,101000,Large,3,6542.5000,101.0000,6643.6000
555,75000,Medium,10,6551.0000,150.0000,6701.1000
556,51000,Small,12,6412.0000,102.0000,6514.1000
557,59000,Medium,11,6658.0000,118.0000,6776.1000
558,337500,XLarge,4,5637.0000,337.5000,5974.6000
559,103000,Large,2,6300.0000,103.0000,6403.1000
560,125000,Large,8,6203.0000,125.0000,6328.1000
561,150000,XLarge,6,6035.0000,150.0000,6185.1000
562,115000,Large,6,6185.0000,115.0000,6300.1000
563,55000,Small,12,6514.0000,110.0000,6624.1000
564,65000,Medium,1,5861.5000,65.0000,5926.6000
565,71000,Medium,7,6563.5000,71.0000,6634.6000
566,127000,Large,0,6555.5000,127.0000,6682.6000
567,129000,Large,2,6403.0000,129.0000,6532.1000
568,105000,Large,6,6300.0000,105.0000,6405.1000
569,525000,Huge,1,5926.5000,525.0000,6451.6000
570,97000,Medium,7,6634.5000,97.0000,6731.6000
571,129000,Large,7,6731.5000,129.0000,6860.6000
572,337500,XLarge,8,6328.0000,337.5000,6665.6000
573,105000,Large,3,6643.5000,105.0000,6748.6000
574,15000,Small,9,6432.0000,30.0000,6462.1000
575,115000,Large,1,6451.5000,115.0000,6566.6000
576,89000,Medium,5,6797.5000,89.0000,6886.6000
577,89000,Medium,8,6665.5000,89.0000,6754.6000
578,67000,Medium,14,6612.0000,134.0000,6746.1000
579,61000,Medium,9,6462.0000,122.0000,6584.1000
580,53000,Small,12,6624.0000,106.0000,6730.1000
581,15000,Small,10,6701.0000,30.0000,6731.1000
582,63000,Medium,14,6746.0000,126.0000,6872.1000
583,337500,XLarge,2,6532.0000,337.5000,6869.6000
584,95000,Medium,3,6748.5000,95.0000,6843.6000
585,67000,Medium,8,6754.5000,67.0000,6821.6000
586,91000,Medium,6,6405.0000,91.0000,6496.1000
587,83000,Medium,13,6297.0000,166.0000,6463.1000
588,77000,Medium,0,6682.5000,77.0000,6759.6000
589,95000,Medium,0,6759.5000,95.0000,6854.6000
590,81000,Medium,8,6821.5000,81.0000,6902.6000
591,79000,Medium,13,6463.0000,158.0000,6621.1000
592,900000,Huge,4,5974.5000,900.0000,6874.6000
593,87000,Medium,13,6621.0000,174.0000,6795.1000
594,65000,Medium,12,6730.0000,130.0000,6860.1000
595,51000,Small,10,6731.0000,102.0000,6833.1000
596,71000,Medium,11,6776.0000,142.0000,6918.1000
597,81000,Medium,9,6584.0000,162.0000,6746.1000
598,337500,XLarge,6,6496.0000,337.5000,6833.6000
599,337500,XLarge,1,6566.5000,337.5000,6904.1000
