nama,jumlah_task,total_mi,rata_mi,min_mi,max_mi,small,medium,large,extra_large,small_pct,medium_pct,large_pct,extra_large_pct,pendek_pct,panjang_pct
GoCJ_asli_600,600,82341000,137235.00,15000,900000,58,285,215,42,9.67,47.50,35.83,7.00,57.17,42.83
GoCJ_Dataset_100 (file resmi),100,13509500,135095.00,15000,900000,13,46,33,8,13.00,46.00,33.00,8.00,59.00,41.00
GoCJ_Dataset_200 (file resmi),200,27219500,136097.50,15000,900000,22,95,67,16,11.00,47.50,33.50,8.00,58.50,41.50
GoCJ_Dataset_300 (file resmi),300,41526000,138420.00,15000,900000,36,139,102,23,12.00,46.33,34.00,7.67,58.33,41.67
GoCJ_Dataset_400 (file resmi),400,51869500,129673.75,15000,900000,38,182,157,23,9.50,45.50,39.25,5.75,55.00,45.00
GoCJ_Dataset_500 (file resmi),500,65001500,130003.00,15000,900000,54,233,180,33,10.80,46.60,36.00,6.60,57.40,42.60
GoCJ_Dataset_600 (file resmi),600,82341000,137235.00,15000,900000,58,285,215,42,9.67,47.50,35.83,7.00,57.17,42.83
GoCJ_Dataset_700 (file resmi),700,87493500,124990.71,15000,900000,65,346,251,38,9.29,49.43,35.86,5.43,58.71,41.29
GoCJ_Dataset_800 (file resmi),800,98958000,123697.50,15000,900000,87,388,279,46,10.88,48.50,34.88,5.75,59.38,40.63
GoCJ_Dataset_900 (file resmi),900,120047000,133385.56,15000,900000,89,411,342,58,9.89,45.67,38.00,6.44,55.56,44.44
GoCJ_Dataset_1000 (file resmi),1000,129662000,129662.00,15000,900000,86,499,355,60,8.60,49.90,35.50,6.00,58.50,41.50
beban_ringan_600_seed3000,600,40216000,67026.67,15000,900000,360,180,48,12,60.00,30.00,8.00,2.00,90.00,10.00
beban_seimbang_asli_600_seed3000,600,80592000,134320.00,15000,900000,58,285,215,42,9.67,47.50,35.83,7.00,57.17,42.83
beban_berat_600_seed3000,600,174601000,291001.67,15000,900000,30,120,270,180,5.00,20.00,45.00,30.00,25.00,75.00
